customer_id,first_name,last_name,email,signup_date,country,loyalty_tier
C0001,Tom,Khan,tom.khan1@outlook.com,2023-05-17,US,Gold
C0002,Elena,Khan,elena.khan2@gmail.com,2022-07-11,AE,gold
C0003,Zoe,Lopez,zoe.lopez3@yahoo.com,08-07-2024,US,silver
C0004,Liam,Ahmed,liam.ahmed4@yahoo.com,03/17/2023,CA,gold
C0005,Priya,Silva,priya.silva5@outlook.com,30-03-2022,US,
C0006,Grace,Silva,grace.silva6@outlook.com,2025-03-28,US,silver
C0007,Sara,Chen,sara.chen0@gmail.com,02/18/2024,UK,silver
C0008,Carlos,Ahmed,carlos.ahmed1@gmail.com,17-12-2022,BD,
C0009,Zoe,Chen,zoe.chen2@outlook.com,2022-04-25,UK,
C0010,Carlos,Silva,carlos.silva3@outlook.com,12-03-2023,,
C0011,Wei,Chen,wei.chen4@outlook.com,04/12/2025,CA,bronze
C0012,Wei,Novak,wei.novak5@corp.com,2022-07-06,BD,silver
C0013,Elena,Silva,elena.silva6@gmail.com,02/28/2024,CA,Gold
C0014,Zoe,Khan,zoe.khan0@gmail.com,01/04/2025,UK,gold
C0015,Fatima,Rahman,fatima.rahman1@gmail.com,24-06-2023,AE,gold
C0016,Grace,Novak,grace.novak2@yahoo.com,11/10/2022,AE,Gold
C0017,Ava,Garcia,ava.garcia3@corp.com,2022-02-09,UK,silver
C0018,Hassan,Islam,hassan.islam4@gmail.com,2024-09-22,AE,silver
C0019,Mei,Novak,mei.novak5@yahoo.com,27-06-2023,CA,silver
C0020,Carlos,Ahmed,carlos.ahmed6@corp.com,02/04/2024,CA,gold
C0021,Sara,Garcia,sara.garcia0@gmail.com,2025-02-08,US,gold
C0022,Rakib,Chen,rakib.chen1@gmail.com,03/06/2022,BD,bronze
C0023,Carlos,Novak,carlos.novak2@yahoo.com,15-03-2025,CA,
C0024,Tom,Lopez,tom.lopez3@outlook.com,05/17/2024,,gold
C0025,Tom,Khan,tom.khan4@corp.com,2023-11-26,BD,Gold
C0026,Elena,Smith,elena.smith5@outlook.com,2024-08-05,US,
C0027,Zoe,Islam,zoe.islam6@gmail.com,2025-01-12,BD,silver
C0028,Mei,Chen,mei.chen0@corp.com,2022-05-01,CA,bronze
C0029,Noah,Ahmed,noah.ahmed1@corp.com,12-02-2025,BD,silver
C0030,Rakib,Silva,rakib.silva2@gmail.com,2023-10-05,CA,Gold
C0031,Ibrahim,Smith,ibrahim.smith3@gmail.com,2024-11-06,US,Gold
C0032,Nina,Lopez,nina.lopez4@gmail.com,2025-03-12,US,Gold
C0033,Hassan,Silva,hassan.silva5@outlook.com,2023-06-19,UK,silver
C0034,,Ahmed,wei.ahmed6@corp.com,2023-10-10,AE,Gold
C0035,Sara,Novak,sara.novak0@yahoo.com,11/02/2024,UK,gold
C0036,Priya,Ahmed,priya.ahmed1@yahoo.com,16-06-2024,AE,Gold
C0036,Priya,Ahmed,priya.ahmed1@yahoo.com,16-06-2024,AE,gold
C0037,Zoe,Ahmed,zoe.ahmed2@gmail.com,10/03/2022,US,Gold
C0038,Grace,Silva,grace.silva3@yahoo.com,2023-12-04,UK,Gold
C0039,,Islam,rakib.islam4@corp.com,2023-07-21,BD,bronze
C0040,Noah,Novak,noah.novak5@corp.com,2025-02-22,,silver
C0041,Priya,Silva,priya.silva6@yahoo.com,2024-05-30,UK,gold
C0042,Carlos,Chen,carlos.chen0@gmail.com,26-12-2023,CA,Gold
C0043,Nina,Smith,nina.smith1@yahoo.com,2024-04-24,UK,
C0044,Nina,Ahmed,nina.ahmed2@yahoo.com,08/10/2022,CA,silver
C0045,,Garcia,noah.garcia3@outlook.com,2023-04-12,BD,
C0046,Sara,Ahmed,sara.ahmed4@outlook.com,11/09/2024,AE,bronze
C0047,Tom,Ahmed,tom.ahmed5@yahoo.com,04/04/2025,AE,
C0048,Liam,Lopez,liam.lopez6@gmail.com,28-02-2024,US,
C0048,Liam,Lopez,liam.lopez6@gmail.com,28-02-2024,US,bronze
C0049,Zoe,Chen,zoe.chen0@outlook.com,2024-06-02,UK,Gold
C0050,Tom,Ahmed,tom.ahmed1@outlook.com,04/16/2024,UK,Gold
C0051,Elena,Lopez,elena.lopez2@yahoo.com,03/11/2025,US,bronze
C0052,Elena,Silva,elena.silva3@outlook.com,08/10/2024,BD,Gold
C0053,Fatima,Islam,fatima.islam4@outlook.com,21-11-2024,UK,gold
C0054,,Ahmed,nina.ahmed5@yahoo.com,2023-02-12,BD,
C0055,Sara,Rahman,sara.rahman6@corp.com,2025-03-24,CA,
C0056,Wei,Khan,wei.khan0@gmail.com,2024-05-20,,Gold
C0057,Zoe,Chen,zoe.chen1@gmail.com,2024-07-23,,Gold
C0058,Ava,Garcia,ava.garcia2@corp.com,10/30/2024,AE,
C0059,Mei,Rahman,mei.rahman3@outlook.com,22-05-2023,AE,
C0060,Omar,Rahman,omar.rahman4@gmail.com,2023-08-09,UK,Gold
C0061,Wei,Chen,wei.chen5@corp.com,09-11-2022,CA,
C0062,Noah,Lopez,noah.lopez6@gmail.com,02/28/2023,AE,gold
C0063,Hassan,Lopez,hassan.lopez0@corp.com,01/13/2022,CA,
C0064,Zoe,Silva,zoe.silva1@yahoo.com,2024-09-26,CA,gold
C0065,Yusuf,Smith,yusuf.smith2@corp.com,19-09-2022,CA,Gold
C0066,Amina,Islam,amina.islam3@corp.com,10/05/2022,UK,
C0067,Noah,Garcia,noah.garcia4@outlook.com,02/16/2024,CA,bronze
C0068,Mei,Khan,mei.khan5@gmail.com,2023-12-18,,gold
C0069,Nina,Chen,nina.chen6@gmail.com,2022-11-09,,gold
C0070,Carlos,Rahman,carlos.rahman0@outlook.com,2024-01-26,,gold
C0071,Fatima,Ahmed,fatima.ahmed1@gmail.com,2025-03-31,AE,
C0072,Carlos,Islam,carlos.islam2@yahoo.com,28-07-2022,,Gold
C0073,Hassan,Khan,hassan.khan3@outlook.com,12/27/2024,US,Gold
C0074,Amina,Lopez,amina.lopez4@corp.com,08/05/2022,,
C0075,Elena,Smith,elena.smith5@outlook.com,01/07/2025,,Gold
C0076,Nina,Islam,nina.islam6@outlook.com,2024-07-12,AE,Gold
C0077,Liam,Khan,liam.khan0@corp.com,2023-10-28,UK,bronze
C0078,Ava,Ahmed,ava.ahmed1@gmail.com,2024-11-24,,
C0079,Nina,Rahman,nina.rahman2@corp.com,2024-07-06,BD,
C0080,Grace,Silva,grace.silva3@outlook.com,27-08-2024,CA,Gold
C0081,Noah,Ahmed,noah.ahmed4@outlook.com,2023-05-30,BD,bronze
C0082,Zoe,Smith,zoe.smith5@yahoo.com,20-03-2023,,Gold
C0083,Ibrahim,Silva,ibrahim.silva6@outlook.com,2022-07-25,UK,silver
C0084,Zoe,Smith,zoe.smith0@outlook.com,2022-04-04,,silver
C0085,Mei,Islam,mei.islam1@gmail.com,03/21/2025,CA,bronze
C0086,Rakib,Ahmed,rakib.ahmed2@corp.com,2022-08-22,US,Gold
C0087,Rakib,Smith,rakib.smith3@yahoo.com,02/26/2025,BD,gold
C0088,Elena,Silva,elena.silva4@yahoo.com,12/06/2024,CA,bronze
C0089,Elena,Ahmed,elena.ahmed5@gmail.com,2022-07-23,UK,gold
C0090,Fatima,Novak,fatima.novak6@gmail.com,2022-11-17,,Gold
C0091,Rakib,Chen,rakib.chen0@outlook.com,03-08-2023,US,silver
C0092,Hassan,Chen,hassan.chen1@corp.com,24-08-2022,BD,bronze
C0093,Sara,Khan,sara.khan2@yahoo.com,22-09-2023,AE,bronze
C0094,Noah,Ahmed,noah.ahmed3@corp.com,12-07-2023,CA,gold
C0095,Elena,Garcia,elena.garcia4@outlook.com,2022-02-22,,Gold
C0096,Amina,Ahmed,amina.ahmed5@gmail.com,12/25/2022,CA,bronze
C0097,Hassan,Lopez,hassan.lopez6@corp.com,07/06/2022,UK,bronze
C0098,Fatima,Garcia,fatima.garcia0@corp.com,10/11/2024,CA,Gold
C0098,Fatima,Garcia,fatima.garcia0@corp.com,10/11/2024,CA,gold
C0099,Sara,Garcia,sara.garcia1@outlook.com,2023-10-25,CA,Gold
C0100,Amina,Novak,amina.novak2@corp.com,2024-04-26,UK,Gold
C0101,Noah,Khan,noah.khan3@yahoo.com,01-07-2023,UK,
C0102,Mei,Islam,mei.islam4@gmail.com,06-05-2023,AE,gold
C0103,Sara,Chen,sara.chen5@gmail.com,2024-08-03,BD,
C0104,Grace,Novak,grace.novak6@outlook.com,04/30/2024,BD,
C0105,Yusuf,Chen,yusuf.chen0@yahoo.com,05/23/2022,CA,bronze
C0106,Ibrahim,Ahmed,ibrahim.ahmed1@gmail.com,03-08-2023,AE,Gold
C0107,Mei,Smith,mei.smith2@corp.com,01/08/2025,AE,Gold
C0108,Liam,Chen,liam.chen3@yahoo.com,03/17/2025,CA,gold
C0109,Mei,Lopez,mei.lopez4@corp.com,11/08/2022,BD,Gold
C0110,Liam,Islam,liam.islam5@corp.com,24-07-2022,US,silver
C0111,Wei,Islam,wei.islam6@corp.com,06/27/2023,CA,gold
C0112,Zoe,Lopez,zoe.lopez0@outlook.com,26-09-2024,US,silver
C0113,Grace,Chen,grace.chen1@gmail.com,2024-06-07,,gold
C0114,Grace,Khan,grace.khan2@gmail.com,2023-10-27,UK,
C0115,Ibrahim,Lopez,ibrahim.lopez3@yahoo.com,2022-12-15,CA,Gold
C0116,Mei,Silva,mei.silva4@yahoo.com,04/21/2023,CA,bronze
C0117,Noah,Ahmed,noah.ahmed5@yahoo.com,06/01/2022,AE,bronze
C0118,Elena,Ahmed,elena.ahmed6@corp.com,2023-09-11,CA,gold
C0119,Hassan,Garcia,hassan.garcia0@outlook.com,2023-08-28,,
C0120,Hassan,Khan,hassan.khan1@corp.com,2023-08-10,UK,silver
C0121,Ava,Ahmed,ava.ahmed2@yahoo.com,18-07-2022,UK,
C0121,Ava,Ahmed,ava.ahmed2@yahoo.com,18-07-2022,UK,bronze
C0122,Priya,Smith,priya.smith3@gmail.com,08/28/2023,BD,silver
C0123,Zoe,Garcia,zoe.garcia4@outlook.com,12/03/2022,CA,bronze
C0124,Liam,Islam,liam.islam5@corp.com,2022-06-04,BD,
C0125,Zoe,Garcia,zoe.garcia6@gmail.com,2024-03-19,US,
C0126,Omar,Silva,omar.silva0@corp.com,2024-01-31,CA,gold
C0127,Zoe,Garcia,zoe.garcia1@yahoo.com,10-05-2022,,bronze
C0128,Tom,Smith,tom.smith2@gmail.com,03/18/2022,US,gold
C0129,Zoe,Smith,zoe.smith3@corp.com,07/18/2024,,Gold
C0130,Wei,Lopez,wei.lopez4@gmail.com,29-09-2024,UK,gold
C0131,Carlos,Rahman,carlos.rahman5@corp.com,04/29/2023,,bronze
C0132,Priya,Khan,priya.khan6@corp.com,2023-07-20,CA,gold
C0133,Ava,Khan,ava.khan0@gmail.com,2023-11-15,AE,silver
C0134,Zoe,Chen,zoe.chen1@yahoo.com,04/23/2023,AE,gold
C0135,Wei,Smith,wei.smith2@outlook.com,2022-12-24,US,silver
C0135,Wei,Smith,wei.smith2@outlook.com,2022-12-24,US,silver
C0136,Nina,Silva,nina.silva3@outlook.com,2022-02-02,BD,
C0137,Sara,Rahman,sara.rahman4@corp.com,12-01-2024,CA,Gold
C0138,Ava,Khan,ava.khan5@outlook.com,27-07-2024,US,
C0139,Elena,Islam,elena.islam6@corp.com,2024-06-27,UK,Gold
C0140,Wei,Ahmed,wei.ahmed0@outlook.com,20-02-2024,CA,Gold
C0141,Tom,Islam,tom.islam1@yahoo.com,05/30/2024,CA,bronze
C0142,Yusuf,Lopez,yusuf.lopez2@gmail.com,10/03/2023,UK,bronze
C0143,Mei,Islam,mei.islam3@gmail.com,2022-06-24,,bronze
C0144,Zoe,Khan,zoe.khan4@outlook.com,09/08/2022,,
C0145,Rakib,Ahmed,rakib.ahmed5@outlook.com,2023-12-22,BD,silver
C0146,Nina,Islam,nina.islam6@outlook.com,02/13/2025,UK,Gold
C0147,Elena,Novak,elena.novak0@gmail.com,2023-07-02,,bronze
C0148,Priya,Khan,priya.khan1@yahoo.com,21-10-2022,US,silver
C0149,Amina,Islam,amina.islam2@yahoo.com,02/10/2024,BD,bronze
C0150,Liam,Silva,liam.silva3@gmail.com,2022-04-18,AE,gold
C0151,Omar,Rahman,omar.rahman4@corp.com,21-09-2024,UK,silver
C0152,Tom,Garcia,tom.garcia5@corp.com,08/16/2022,AE,
C0153,Grace,Khan,grace.khan6@yahoo.com,20-03-2024,BD,bronze
C0154,,Ahmed,wei.ahmed0@outlook.com,2023-11-03,,
C0155,Yusuf,Novak,yusuf.novak1@yahoo.com,21-10-2024,UK,gold
C0156,Rakib,Lopez,rakib.lopez2@gmail.com,2024-07-30,AE,
C0157,Elena,Ahmed,elena.ahmed3@gmail.com,2024-04-09,BD,Gold
C0158,Priya,Islam,priya.islam4@corp.com,2022-08-05,CA,Gold
C0159,Grace,Garcia,grace.garcia5@yahoo.com,2023-11-14,,gold
C0160,Carlos,Garcia,carlos.garcia6@outlook.com,2022-10-30,UK,silver
C0161,Wei,Islam,wei.islam0@yahoo.com,10/08/2024,AE,
C0162,Hassan,Silva,hassan.silva1@outlook.com,2023-10-10,CA,
C0163,Omar,Silva,omar.silva2@gmail.com,22-12-2023,CA,
C0163,Omar,Silva,omar.silva2@gmail.com,22-12-2023,CA,bronze
C0164,Priya,Ahmed,priya.ahmed3@gmail.com,04-07-2022,CA,
C0165,Rakib,Rahman,rakib.rahman4@yahoo.com,21-10-2023,BD,gold
C0166,Liam,Islam,liam.islam5@yahoo.com,2022-03-22,CA,Gold
C0167,Fatima,Garcia,fatima.garcia6@outlook.com,08/03/2023,UK,Gold
C0168,Liam,Islam,liam.islam0@outlook.com,13-07-2022,UK,bronze
C0169,Ava,Smith,ava.smith1@outlook.com,16-06-2022,UK,bronze
C0170,Yusuf,Smith,yusuf.smith2@gmail.com,27-09-2023,UK,silver
C0171,,Islam,ibrahim.islam3@corp.com,11/07/2024,UK,silver
C0172,Liam,Rahman,liam.rahman4@yahoo.com,2023-04-09,UK,gold
C0173,Zoe,Novak,zoe.novak5@gmail.com,21-11-2023,CA,silver
C0174,Ava,Smith,ava.smith6@corp.com,03/31/2022,,silver
C0175,Ava,Ahmed,ava.ahmed0@corp.com,25-04-2023,CA,silver
C0176,Hassan,Rahman,hassan.rahman1@corp.com,08/01/2023,CA,silver
C0177,Ava,Smith,ava.smith2@outlook.com,17-04-2022,UK,Gold
C0178,Ibrahim,Islam,ibrahim.islam3@outlook.com,2022-06-21,AE,silver
C0179,Sara,Chen,sara.chen4@corp.com,2023-12-17,CA,Gold
C0180,Yusuf,Islam,yusuf.islam5@outlook.com,2023-04-05,US,bronze
C0181,Wei,Khan,wei.khan6@outlook.com,25-08-2024,,
C0182,Amina,Islam,amina.islam0@gmail.com,2023-06-09,AE,Gold
C0183,Tom,Ahmed,tom.ahmed1@yahoo.com,2023-09-09,CA,Gold
C0184,Tom,Rahman,tom.rahman2@gmail.com,21-11-2024,BD,bronze
C0185,Ava,Garcia,ava.garcia3@yahoo.com,03/14/2025,,gold
C0186,Priya,Islam,priya.islam4@gmail.com,03/10/2024,CA,bronze
C0187,Amina,Garcia,amina.garcia5@gmail.com,2023-12-08,,gold
C0188,Liam,Smith,liam.smith6@gmail.com,23-12-2023,,silver
C0189,Noah,Rahman,noah.rahman0@yahoo.com,2022-10-04,CA,gold
C0190,Rakib,Chen,rakib.chen1@gmail.com,10/09/2023,AE,
C0191,Carlos,Ahmed,carlos.ahmed2@outlook.com,08-04-2022,US,bronze
C0192,Yusuf,Rahman,yusuf.rahman3@corp.com,2023-11-26,CA,bronze
C0193,Ibrahim,Ahmed,ibrahim.ahmed4@gmail.com,2024-05-19,BD,Gold
C0194,Tom,Islam,tom.islam5@outlook.com,08/29/2023,,
C0195,Noah,Garcia,noah.garcia6@corp.com,28-03-2022,UK,Gold
C0196,Omar,Khan,omar.khan0@gmail.com,04/11/2024,,silver
C0197,Wei,Silva,wei.silva1@corp.com,2022-03-13,,bronze
C0198,Hassan,Khan,hassan.khan2@yahoo.com,07/10/2024,US,Gold
C0199,Priya,Lopez,priya.lopez3@outlook.com,2023-07-25,US,silver
C0200,Yusuf,Novak,yusuf.novak4@gmail.com,06/21/2023,BD,Gold
C0201,Mei,Chen,mei.chen5@gmail.com,2022-10-05,,
C0202,Liam,Garcia,liam.garcia6@gmail.com,31-01-2025,UK,silver
C0203,Fatima,Garcia,fatima.garcia0@yahoo.com,2022-09-06,BD,
C0203,Fatima,Garcia,fatima.garcia0@yahoo.com,2022-09-06,BD,bronze
C0204,Zoe,Silva,zoe.silva1@outlook.com,15-08-2024,US,gold
C0205,Mei,Novak,mei.novak2@corp.com,18-04-2024,UK,gold
C0206,Ibrahim,Garcia,ibrahim.garcia3@yahoo.com,03-02-2025,BD,
C0207,Rakib,Islam,rakib.islam4@yahoo.com,2023-09-15,,silver
C0208,Ibrahim,Ahmed,ibrahim.ahmed5@gmail.com,2023-05-29,AE,bronze
C0209,Grace,Silva,grace.silva6@gmail.com,26-10-2024,AE,silver
C0210,Ava,Silva,ava.silva0@outlook.com,2025-02-28,US,gold
C0210,Ava,Silva,ava.silva0@outlook.com,2025-02-28,US,gold
C0211,Hassan,Ahmed,hassan.ahmed1@yahoo.com,03/17/2025,US,
C0212,Zoe,Ahmed,zoe.ahmed2@outlook.com,2024-09-16,,
C0213,Sara,Khan,sara.khan3@yahoo.com,06/19/2024,BD,bronze
C0214,Liam,Garcia,liam.garcia4@outlook.com,2024-03-27,AE,Gold
C0215,Nina,Rahman,nina.rahman5@gmail.com,07/02/2023,US,gold
C0216,Yusuf,Silva,yusuf.silva6@corp.com,2023-05-24,AE,bronze
C0217,Fatima,Rahman,fatima.rahman0@corp.com,10/18/2024,US,
C0218,Nina,Chen,nina.chen1@outlook.com,2022-04-10,AE,
C0219,Amina,Islam,amina.islam2@corp.com,10/02/2022,CA,bronze
C0219,Amina,Islam,amina.islam2@corp.com,10/02/2022,CA,bronze
C0220,Rakib,Silva,rakib.silva3@yahoo.com,13-01-2024,CA,Gold
C0221,Zoe,Ahmed,zoe.ahmed4@gmail.com,2022-09-21,UK,Gold
C0222,Wei,Chen,wei.chen5@corp.com,2024-10-21,BD,bronze
C0223,Ibrahim,Rahman,ibrahim.rahman6@yahoo.com,2024-11-21,AE,bronze
C0224,Ava,Ahmed,ava.ahmed0@outlook.com,04-11-2024,,Gold
C0225,Amina,Garcia,amina.garcia1@outlook.com,08/13/2022,,gold
C0226,Omar,Silva,omar.silva2@yahoo.com,16-04-2022,AE,Gold
C0227,Yusuf,Smith,yusuf.smith3@yahoo.com,06-03-2022,US,silver
C0227,Yusuf,Smith,yusuf.smith3@yahoo.com,06-03-2022,US,silver
C0228,Liam,Lopez,liam.lopez4@yahoo.com,25-04-2024,AE,Gold
C0229,Rakib,Smith,rakib.smith5@yahoo.com,02/22/2025,CA,Gold
C0230,Fatima,Rahman,fatima.rahman6@outlook.com,01/23/2025,,bronze
C0231,Carlos,Chen,carlos.chen0@outlook.com,02/16/2025,UK,bronze
C0232,Mei,Garcia,mei.garcia1@corp.com,16-12-2023,,bronze
C0233,Hassan,Novak,hassan.novak2@corp.com,03/19/2024,BD,bronze
C0233,Hassan,Novak,hassan.novak2@corp.com,03/19/2024,BD,bronze
C0234,Sara,Garcia,sara.garcia3@corp.com,10-06-2023,BD,Gold
C0235,Zoe,Ahmed,zoe.ahmed4@yahoo.com,12-08-2022,BD,silver
C0236,Ibrahim,Chen,ibrahim.chen5@yahoo.com,2022-04-18,,
C0237,Wei,Khan,wei.khan6@yahoo.com,13-04-2024,CA,
C0238,Grace,Garcia,grace.garcia0@outlook.com,2022-05-02,BD,Gold
C0239,Rakib,Smith,rakib.smith1@corp.com,2022-12-27,CA,
C0240,Grace,Khan,grace.khan2@gmail.com,04-09-2023,UK,bronze
C0241,Zoe,Novak,zoe.novak3@corp.com,02-10-2022,BD,gold
C0242,Noah,Ahmed,noah.ahmed4@yahoo.com,29-01-2022,UK,Gold
C0243,Carlos,Smith,carlos.smith5@corp.com,25-05-2024,CA,gold
C0244,Wei,Rahman,wei.rahman6@outlook.com,2023-05-24,BD,
C0245,Liam,Ahmed,liam.ahmed0@gmail.com,20-06-2023,BD,gold
C0246,Noah,Ahmed,noah.ahmed1@yahoo.com,10-04-2024,,bronze
C0247,Grace,Garcia,grace.garcia2@yahoo.com,2023-03-25,CA,Gold
C0248,Zoe,Rahman,zoe.rahman3@yahoo.com,22-05-2023,US,Gold
C0249,Priya,Islam,priya.islam4@gmail.com,07-05-2022,BD,Gold
C0250,Fatima,Garcia,fatima.garcia5@corp.com,27-08-2022,AE,
C0251,Ibrahim,Rahman,ibrahim.rahman6@gmail.com,2024-07-17,CA,Gold
C0252,Noah,Ahmed,noah.ahmed0@gmail.com,03/21/2024,,silver
C0253,Rakib,Lopez,rakib.lopez1@outlook.com,11-05-2022,US,
C0253,Rakib,Lopez,rakib.lopez1@outlook.com,11-05-2022,US,bronze
C0254,Elena,Smith,elena.smith2@yahoo.com,05/10/2024,CA,
C0255,Yusuf,Lopez,yusuf.lopez3@gmail.com,2025-01-09,UK,gold
C0256,Zoe,Lopez,zoe.lopez4@yahoo.com,2023-04-02,UK,
C0257,Zoe,Lopez,zoe.lopez5@corp.com,2023-04-16,BD,bronze
C0258,Tom,Khan,tom.khan6@corp.com,2022-02-02,US,Gold
C0258,Tom,Khan,tom.khan6@corp.com,2022-02-02,US,gold
C0259,Ava,Khan,ava.khan0@yahoo.com,04/01/2022,AE,silver
C0260,Rakib,Smith,rakib.smith1@outlook.com,25-04-2023,AE,Gold
C0261,Liam,Chen,liam.chen2@outlook.com,21-10-2022,CA,bronze
C0262,Zoe,Silva,zoe.silva3@yahoo.com,24-05-2024,UK,
C0263,Liam,Lopez,liam.lopez4@corp.com,11/02/2022,AE,
C0264,Nina,Ahmed,nina.ahmed5@yahoo.com,2024-08-06,CA,Gold
C0265,Yusuf,Chen,yusuf.chen6@outlook.com,02/21/2023,CA,bronze
C0266,Carlos,Khan,carlos.khan0@outlook.com,12-02-2024,US,gold
C0267,Hassan,Novak,hassan.novak1@yahoo.com,2024-09-08,UK,bronze
C0268,Amina,Chen,amina.chen2@yahoo.com,29-08-2022,CA,silver
C0269,Carlos,Lopez,carlos.lopez3@yahoo.com,02/04/2025,CA,
C0270,Priya,Ahmed,priya.ahmed4@outlook.com,07-01-2024,CA,gold
C0271,Mei,Garcia,mei.garcia5@yahoo.com,01/30/2024,AE,silver
C0272,Amina,Ahmed,amina.ahmed6@corp.com,2023-08-28,BD,
C0273,Nina,Rahman,nina.rahman0@outlook.com,06/12/2023,,
C0274,Priya,Smith,priya.smith1@yahoo.com,01/24/2025,AE,gold
C0275,Sara,Khan,sara.khan2@gmail.com,2024-04-24,BD,gold
C0276,Amina,Chen,amina.chen3@corp.com,2024-02-04,,Gold
C0277,Mei,Khan,mei.khan4@gmail.com,25-12-2024,US,Gold
C0278,Zoe,Ahmed,zoe.ahmed5@gmail.com,25-10-2024,BD,gold
C0279,Ibrahim,Smith,ibrahim.smith6@yahoo.com,29-01-2023,UK,bronze
C0280,Sara,Garcia,sara.garcia0@corp.com,29-07-2024,,silver
C0281,Sara,Khan,sara.khan1@gmail.com,04/10/2024,CA,gold
C0282,Fatima,Islam,fatima.islam2@corp.com,07-06-2024,AE,gold
C0283,Rakib,Chen,rakib.chen3@yahoo.com,03/06/2025,US,bronze
C0284,Hassan,Khan,hassan.khan4@yahoo.com,2023-10-07,AE,silver
C0285,Yusuf,Islam,yusuf.islam5@outlook.com,29-11-2022,CA,Gold
C0286,Wei,Islam,wei.islam6@outlook.com,2022-04-20,US,bronze
C0287,Ava,Silva,ava.silva0@corp.com,2023-10-31,CA,
C0288,Zoe,Lopez,zoe.lopez1@corp.com,16-01-2023,CA,gold
C0289,Grace,Chen,grace.chen2@gmail.com,06/18/2022,,silver
C0290,Liam,Garcia,liam.garcia3@gmail.com,2022-07-07,CA,bronze
C0291,Tom,Smith,tom.smith4@gmail.com,01/19/2023,AE,Gold
C0292,Amina,Islam,amina.islam5@outlook.com,2025-02-09,UK,
C0292,Amina,Islam,amina.islam5@outlook.com,2025-02-09,UK,bronze
C0293,Elena,Lopez,elena.lopez6@gmail.com,2025-02-19,BD,
C0294,Omar,Ahmed,omar.ahmed0@outlook.com,2024-10-06,CA,bronze
C0295,Mei,Islam,mei.islam1@outlook.com,2023-05-31,CA,Gold
C0296,Noah,Islam,noah.islam2@yahoo.com,2023-09-16,UK,Gold
C0297,Liam,Rahman,liam.rahman3@outlook.com,31-05-2024,BD,bronze
C0298,Carlos,Rahman,carlos.rahman4@outlook.com,12/30/2022,UK,
C0299,Nina,Garcia,nina.garcia5@corp.com,07/29/2023,AE,silver
C0300,Zoe,Smith,zoe.smith6@gmail.com,03-08-2024,UK,gold
C0301,Elena,Rahman,elena.rahman0@yahoo.com,2023-09-13,BD,
C0302,Sara,Rahman,sara.rahman1@corp.com,04/07/2025,,
C0303,Priya,Novak,priya.novak2@gmail.com,2022-08-12,UK,silver
C0304,Rakib,Silva,rakib.silva3@corp.com,11/11/2023,US,bronze
C0305,Ibrahim,Novak,ibrahim.novak4@yahoo.com,07/01/2024,,Gold
C0306,Wei,Garcia,wei.garcia5@gmail.com,2024-09-15,US,gold
C0307,Wei,Garcia,wei.garcia6@outlook.com,12/04/2023,AE,
C0308,Tom,Rahman,tom.rahman0@corp.com,2023-10-16,,gold
C0308,Tom,Rahman,tom.rahman0@corp.com,2023-10-16,,gold
C0309,Liam,Islam,liam.islam1@yahoo.com,15-05-2023,BD,bronze
C0310,Noah,Chen,noah.chen2@corp.com,2023-01-13,CA,
C0310,Noah,Chen,noah.chen2@corp.com,2023-01-13,CA,bronze
C0311,,Chen,ava.chen3@corp.com,05/29/2024,BD,silver
C0312,Sara,Silva,sara.silva4@gmail.com,2025-01-04,BD,
C0313,Mei,Novak,mei.novak5@outlook.com,06-03-2024,US,bronze
C0314,Noah,Silva,noah.silva6@yahoo.com,02-09-2023,,silver
C0315,Nina,Ahmed,nina.ahmed0@gmail.com,01/10/2023,AE,
C0316,Wei,Silva,wei.silva1@corp.com,2024-05-16,AE,silver
C0317,Mei,Ahmed,mei.ahmed2@yahoo.com,01/19/2023,AE,gold
C0318,Amina,Rahman,amina.rahman3@yahoo.com,02/04/2023,AE,
C0319,Mei,Lopez,mei.lopez4@corp.com,2024-09-27,US,silver
C0320,Omar,Chen,omar.chen5@outlook.com,12/11/2022,CA,Gold
C0321,Hassan,Islam,hassan.islam6@outlook.com,01/17/2025,US,
C0322,Elena,Islam,elena.islam0@yahoo.com,2023-09-02,UK,gold
C0323,Tom,Chen,tom.chen1@yahoo.com,20-12-2023,CA,silver
C0324,Carlos,Chen,carlos.chen2@gmail.com,03/13/2025,AE,Gold
C0325,Grace,Ahmed,grace.ahmed3@outlook.com,19-11-2024,BD,
C0326,Omar,Smith,omar.smith4@yahoo.com,2023-05-27,BD,
C0327,Hassan,Ahmed,hassan.ahmed5@corp.com,02/08/2024,US,
C0328,Omar,Garcia,omar.garcia6@corp.com,09/26/2024,,gold
C0329,Noah,Garcia,noah.garcia0@gmail.com,12/30/2024,CA,silver
C0330,Liam,Ahmed,liam.ahmed1@outlook.com,25-01-2025,CA,bronze
C0331,Rakib,Khan,rakib.khan2@gmail.com,2024-07-30,BD,
C0332,Elena,Chen,elena.chen3@yahoo.com,2023-09-11,UK,gold
C0333,Omar,Islam,omar.islam4@outlook.com,2022-12-05,UK,silver
C0334,Sara,Islam,sara.islam5@gmail.com,03/14/2023,AE,silver
C0335,Noah,Khan,noah.khan6@gmail.com,2023-12-05,CA,silver
C0336,Nina,Lopez,nina.lopez0@gmail.com,2022-07-29,UK,silver
C0337,,Smith,wei.smith1@gmail.com,22-12-2024,,silver
C0338,Carlos,Smith,carlos.smith2@corp.com,2024-06-25,US,silver
C0339,Hassan,Lopez,hassan.lopez3@outlook.com,05/29/2024,BD,bronze
C0340,Nina,Novak,nina.novak4@outlook.com,24-02-2022,BD,Gold
C0341,Carlos,Lopez,carlos.lopez5@outlook.com,2022-04-22,US,silver
C0342,Ava,Islam,ava.islam6@gmail.com,01/10/2024,AE,
C0343,Fatima,Rahman,fatima.rahman0@gmail.com,04-02-2022,UK,silver
C0343,Fatima,Rahman,fatima.rahman0@gmail.com,04-02-2022,UK,silver
C0344,Rakib,Lopez,rakib.lopez1@outlook.com,10/23/2024,CA,gold
C0345,Zoe,Silva,zoe.silva2@yahoo.com,2023-07-23,AE,silver
C0346,Wei,Novak,wei.novak3@outlook.com,11-03-2024,,gold
C0347,Elena,Chen,elena.chen4@gmail.com,2023-05-16,US,
C0348,Rakib,Ahmed,rakib.ahmed5@yahoo.com,2022-09-02,,gold
C0349,Priya,Novak,priya.novak6@outlook.com,12/08/2022,UK,gold
C0350,Amina,Garcia,amina.garcia0@corp.com,12-07-2023,,Gold
C0351,Mei,Rahman,mei.rahman1@outlook.com,04/24/2022,BD,bronze
C0352,Tom,Silva,tom.silva2@gmail.com,13-04-2023,US,gold
C0353,Mei,Garcia,mei.garcia3@corp.com,2022-11-04,US,Gold
C0354,Elena,Chen,elena.chen4@outlook.com,05/24/2023,UK,bronze
C0355,Hassan,Garcia,hassan.garcia5@gmail.com,25-10-2024,BD,silver
C0356,Rakib,Lopez,rakib.lopez6@gmail.com,08/10/2024,UK,bronze
C0357,Noah,Khan,noah.khan0@outlook.com,02/15/2023,UK,Gold
C0358,Priya,Silva,priya.silva1@corp.com,05-02-2023,BD,silver
C0358,Priya,Silva,priya.silva1@corp.com,05-02-2023,BD,silver
C0359,Elena,Khan,elena.khan2@yahoo.com,01/14/2025,,gold
C0360,Amina,Lopez,amina.lopez3@outlook.com,2022-08-01,BD,
C0361,Rakib,Smith,rakib.smith4@outlook.com,2022-07-10,AE,
C0362,Priya,Rahman,priya.rahman5@gmail.com,2025-04-04,,
C0363,Hassan,Khan,hassan.khan6@corp.com,2022-09-25,UK,
C0364,Liam,Garcia,liam.garcia0@corp.com,2023-07-11,BD,silver
C0365,Hassan,Islam,hassan.islam1@yahoo.com,2022-08-05,UK,
C0366,Priya,Chen,priya.chen2@corp.com,09/24/2023,US,gold
C0367,Grace,Silva,grace.silva3@gmail.com,03/17/2023,,silver
C0368,Yusuf,Novak,yusuf.novak4@gmail.com,09/05/2023,BD,gold
C0369,Noah,Novak,noah.novak5@yahoo.com,07/13/2022,BD,gold
C0369,Noah,Novak,noah.novak5@yahoo.com,07/13/2022,BD,gold
C0370,Nina,Smith,nina.smith6@yahoo.com,03/31/2024,,gold
C0371,Omar,Islam,omar.islam0@gmail.com,2022-05-13,CA,silver
C0372,Liam,Islam,liam.islam1@gmail.com,2024-08-02,AE,
C0373,Yusuf,Rahman,yusuf.rahman2@gmail.com,23-02-2024,UK,silver
C0374,Omar,Ahmed,omar.ahmed3@corp.com,2022-11-01,AE,silver
C0375,Mei,Lopez,mei.lopez4@corp.com,2022-05-05,BD,
C0376,Ibrahim,Chen,ibrahim.chen5@gmail.com,23-02-2024,AE,
C0377,Hassan,Novak,hassan.novak6@outlook.com,03/06/2024,UK,Gold
C0378,Omar,Khan,omar.khan0@corp.com,12/20/2024,BD,silver
C0379,Nina,Ahmed,nina.ahmed1@gmail.com,26-03-2023,CA,bronze
C0380,Fatima,Smith,fatima.smith2@yahoo.com,14-10-2023,AE,gold
C0381,Priya,Silva,priya.silva3@yahoo.com,2025-02-27,CA,Gold
C0382,Mei,Khan,mei.khan4@gmail.com,2022-04-26,US,Gold
C0383,Liam,Silva,liam.silva5@yahoo.com,09/25/2022,UK,gold
C0383,Liam,Silva,liam.silva5@yahoo.com,09/25/2022,UK,gold
C0384,Hassan,Smith,hassan.smith6@gmail.com,12/13/2024,UK,
C0385,Liam,Ahmed,liam.ahmed0@outlook.com,2022-10-07,CA,
C0386,Fatima,Novak,fatima.novak1@outlook.com,03-04-2023,BD,
C0387,Grace,Smith,grace.smith2@yahoo.com,04-01-2022,CA,Gold
C0387,Grace,Smith,grace.smith2@yahoo.com,04-01-2022,CA,gold
C0388,Ava,Garcia,ava.garcia3@yahoo.com,2025-03-04,BD,bronze
C0389,Nina,Garcia,nina.garcia4@outlook.com,10-12-2022,US,bronze
C0390,Omar,Chen,omar.chen5@yahoo.com,05/19/2022,US,gold
C0390,Omar,Chen,omar.chen5@yahoo.com,05/19/2022,US,gold
C0391,Noah,Lopez,noah.lopez6@yahoo.com,04/27/2024,UK,Gold
C0392,Mei,Silva,mei.silva0@yahoo.com,11/30/2022,US,bronze
C0392,Mei,Silva,mei.silva0@yahoo.com,11/30/2022,US,bronze
C0393,Omar,Islam,omar.islam1@gmail.com,2023-12-02,BD,gold
C0394,Sara,Garcia,sara.garcia2@corp.com,03/05/2022,BD,Gold
C0395,Fatima,Khan,fatima.khan3@gmail.com,2023-11-10,CA,Gold
C0396,Zoe,Ahmed,zoe.ahmed4@outlook.com,2023-09-02,CA,Gold
C0397,Mei,Smith,mei.smith5@gmail.com,2024-01-09,UK,Gold
C0398,Tom,Khan,tom.khan6@yahoo.com,16-12-2022,US,
C0399,Grace,Lopez,grace.lopez0@corp.com,28-09-2024,,Gold
C0400,Priya,Lopez,priya.lopez1@outlook.com,01/18/2023,CA,
C0401,Omar,Silva,omar.silva2@gmail.com,06-11-2022,US,bronze
C0402,Elena,Silva,elena.silva3@yahoo.com,2025-02-07,AE,
C0403,Mei,Silva,mei.silva4@yahoo.com,09/02/2024,,gold
C0404,Ibrahim,Silva,ibrahim.silva5@yahoo.com,09/04/2022,BD,silver
C0405,Wei,Khan,wei.khan6@corp.com,10-06-2022,,silver
C0406,Omar,Garcia,omar.garcia0@gmail.com,06/28/2022,AE,bronze
C0407,Ibrahim,Rahman,ibrahim.rahman1@gmail.com,12/06/2024,BD,silver
C0408,Hassan,Islam,hassan.islam2@gmail.com,2025-02-26,AE,bronze
C0409,Omar,Lopez,omar.lopez3@corp.com,17-03-2025,BD,bronze
C0410,Ava,Silva,ava.silva4@corp.com,03/21/2022,UK,silver
C0410,Ava,Silva,ava.silva4@corp.com,03/21/2022,UK,silver
C0411,Mei,Ahmed,mei.ahmed5@outlook.com,02/11/2022,UK,bronze
C0412,Mei,Islam,mei.islam6@yahoo.com,10/03/2022,CA,bronze
C0413,Elena,Silva,elena.silva0@gmail.com,01/20/2023,CA,
C0414,Priya,Khan,priya.khan1@yahoo.com,05/15/2022,CA,silver
C0415,Ibrahim,Silva,ibrahim.silva2@gmail.com,2022-12-22,BD,gold
C0416,Noah,Khan,noah.khan3@outlook.com,02/12/2023,CA,Gold
C0417,Tom,Khan,tom.khan4@yahoo.com,02/02/2024,BD,
C0418,Priya,Garcia,priya.garcia5@yahoo.com,14-06-2023,US,bronze
C0418,Priya,Garcia,priya.garcia5@yahoo.com,14-06-2023,US,bronze
C0419,Rakib,Smith,rakib.smith6@yahoo.com,30-03-2023,BD,bronze
C0420,Ibrahim,Khan,ibrahim.khan0@gmail.com,2024-08-28,AE,gold
C0421,Ava,Ahmed,ava.ahmed1@outlook.com,05/17/2024,CA,bronze
C0422,,Novak,grace.novak2@corp.com,2025-04-12,,bronze
C0423,Ava,Silva,ava.silva3@outlook.com,04-09-2023,US,bronze
C0424,Liam,Ahmed,liam.ahmed4@outlook.com,2023-09-04,BD,gold
C0425,,Lopez,ava.lopez5@outlook.com,14-10-2022,CA,bronze
C0426,Elena,Lopez,elena.lopez6@corp.com,14-03-2022,AE,silver
C0427,Nina,Novak,nina.novak0@corp.com,05-01-2024,BD,Gold
C0428,Tom,Rahman,tom.rahman1@yahoo.com,14-06-2023,BD,bronze
C0429,Nina,Garcia,nina.garcia2@yahoo.com,09/21/2023,UK,bronze
C0430,Grace,Rahman,grace.rahman3@gmail.com,2024-08-21,AE,Gold
C0431,Sara,Rahman,sara.rahman4@yahoo.com,2024-10-21,CA,Gold
C0432,Rakib,Smith,rakib.smith5@yahoo.com,02/15/2023,AE,
C0433,Fatima,Islam,fatima.islam6@corp.com,13-11-2023,UK,gold
C0433,Fatima,Islam,fatima.islam6@corp.com,13-11-2023,UK,gold
C0434,Omar,Chen,omar.chen0@yahoo.com,2025-03-26,US,silver
C0435,,Lopez,elena.lopez1@corp.com,09/04/2024,AE,silver
C0436,,Garcia,amina.garcia2@yahoo.com,06-02-2022,,silver
C0437,Priya,Ahmed,priya.ahmed3@yahoo.com,07/30/2022,UK,silver
C0438,Rakib,Ahmed,rakib.ahmed4@outlook.com,22-07-2024,AE,bronze
C0439,Wei,Garcia,wei.garcia5@corp.com,2024-01-06,CA,gold
C0440,Wei,Chen,wei.chen6@gmail.com,2024-10-30,,gold
C0441,Omar,Novak,omar.novak0@gmail.com,09-04-2022,US,gold
C0442,Elena,Rahman,elena.rahman1@corp.com,11-09-2022,,silver
C0443,Amina,Ahmed,amina.ahmed2@corp.com,26-07-2022,AE,Gold
C0444,Elena,Islam,elena.islam3@gmail.com,2023-08-02,CA,silver
C0445,Omar,Novak,omar.novak4@yahoo.com,04-01-2024,BD,gold
C0446,,Rahman,carlos.rahman5@outlook.com,2023-04-26,US,gold
C0447,Mei,Smith,mei.smith6@gmail.com,2024-11-13,US,bronze
C0448,Noah,Ahmed,noah.ahmed0@outlook.com,2024-08-08,BD,gold
C0449,Priya,Garcia,priya.garcia1@corp.com,2022-08-26,US,gold
C0450,Fatima,Garcia,fatima.garcia2@outlook.com,15-06-2024,,gold
C0451,Liam,Smith,liam.smith3@gmail.com,03/31/2024,UK,
C0452,Mei,Lopez,mei.lopez4@yahoo.com,2022-08-20,US,silver
C0453,Hassan,Rahman,hassan.rahman5@corp.com,07-01-2023,UK,Gold
C0453,Hassan,Rahman,hassan.rahman5@corp.com,07-01-2023,UK,gold
C0454,Wei,Rahman,wei.rahman6@corp.com,08/20/2022,US,bronze
C0455,Amina,Novak,amina.novak0@yahoo.com,24-11-2023,,Gold
C0456,Nina,Rahman,nina.rahman1@outlook.com,2024-02-28,AE,Gold
C0457,Fatima,Novak,fatima.novak2@corp.com,2024-10-12,CA,bronze
C0458,Omar,Khan,omar.khan3@yahoo.com,01-02-2025,BD,gold
C0459,Hassan,Rahman,hassan.rahman4@gmail.com,10/17/2024,CA,gold
C0460,Elena,Khan,elena.khan5@gmail.com,06-07-2022,,bronze
C0461,Zoe,Chen,zoe.chen6@corp.com,11/30/2023,BD,
C0462,Ava,Silva,ava.silva0@corp.com,15-01-2024,US,silver
C0462,Ava,Silva,ava.silva0@corp.com,15-01-2024,US,silver
C0463,Priya,Ahmed,priya.ahmed1@outlook.com,2022-08-06,CA,silver
C0464,Elena,Islam,elena.islam2@outlook.com,2023-02-06,CA,silver
C0465,Carlos,Garcia,carlos.garcia3@gmail.com,2024-04-28,,Gold
C0466,Noah,Rahman,noah.rahman4@yahoo.com,2024-10-18,US,Gold
C0467,Hassan,Rahman,hassan.rahman5@yahoo.com,2025-03-30,BD,gold
C0468,Ava,Silva,ava.silva6@outlook.com,10/29/2024,AE,silver
C0469,Liam,Ahmed,liam.ahmed0@corp.com,2022-10-01,,Gold
C0470,Zoe,Garcia,zoe.garcia1@yahoo.com,2023-02-16,UK,bronze
C0471,Wei,Smith,wei.smith2@outlook.com,08/25/2022,AE,Gold
C0472,Elena,Novak,elena.novak3@outlook.com,2024-05-15,US,
C0473,Rakib,Chen,rakib.chen4@outlook.com,11/26/2022,BD,gold
C0474,Grace,Chen,grace.chen5@gmail.com,01/05/2024,,Gold
C0475,Zoe,Lopez,zoe.lopez6@yahoo.com,12-11-2024,,gold
C0476,,Lopez,yusuf.lopez0@outlook.com,2025-02-04,UK,silver
C0477,Noah,Chen,noah.chen1@outlook.com,24-01-2025,,silver
C0478,Fatima,Islam,fatima.islam2@yahoo.com,22-12-2022,CA,gold
C0479,Zoe,Ahmed,zoe.ahmed3@yahoo.com,26-11-2022,US,bronze
C0480,Wei,Khan,wei.khan4@yahoo.com,23-10-2023,,Gold
C0481,Grace,Rahman,grace.rahman5@outlook.com,30-05-2022,BD,silver
C0482,Ibrahim,Smith,ibrahim.smith6@corp.com,17-01-2025,UK,silver
C0483,Liam,Garcia,liam.garcia0@outlook.com,2023-08-25,AE,Gold
C0484,Zoe,Khan,zoe.khan1@gmail.com,12/10/2023,,Gold
C0485,Nina,Khan,nina.khan2@outlook.com,2024-02-21,AE,bronze
C0485,Nina,Khan,nina.khan2@outlook.com,2024-02-21,AE,bronze
C0486,Ibrahim,Garcia,ibrahim.garcia3@corp.com,2024-09-23,,silver
C0487,,Islam,sara.islam4@yahoo.com,06-01-2025,US,silver
C0488,Carlos,Lopez,carlos.lopez5@gmail.com,26-02-2023,,
C0489,Sara,Smith,sara.smith6@gmail.com,29-07-2024,US,gold
C0490,Omar,Novak,omar.novak0@gmail.com,2025-03-23,CA,
C0491,Yusuf,Lopez,yusuf.lopez1@outlook.com,02/04/2022,AE,gold
C0492,Ava,Islam,ava.islam2@gmail.com,05/29/2022,US,bronze
C0493,Grace,Silva,grace.silva3@gmail.com,07/31/2023,,gold
C0494,Zoe,Chen,zoe.chen4@yahoo.com,11-03-2024,,silver
C0495,,Khan,priya.khan5@yahoo.com,2022-09-10,AE,
C0496,Sara,Ahmed,sara.ahmed6@yahoo.com,2023-12-06,,Gold
C0497,Fatima,Chen,fatima.chen0@outlook.com,2023-02-02,AE,gold
C0498,Zoe,Rahman,zoe.rahman1@gmail.com,19-08-2023,US,silver
C0499,Mei,Garcia,mei.garcia2@outlook.com,20-09-2022,US,bronze
C0500,Carlos,Garcia,carlos.garcia3@corp.com,07/11/2024,UK,Gold
C0501,,Garcia,hassan.garcia4@outlook.com,2024-05-27,BD,silver
C0502,Elena,Ahmed,elena.ahmed5@outlook.com,03-10-2022,CA,
C0503,Grace,Rahman,grace.rahman6@gmail.com,26-12-2022,UK,silver
C0504,Carlos,Ahmed,carlos.ahmed0@gmail.com,2022-06-04,,gold
C0505,Hassan,Lopez,hassan.lopez1@yahoo.com,17-03-2022,AE,
C0506,Wei,Garcia,wei.garcia2@corp.com,03-04-2023,UK,silver
C0507,,Islam,ibrahim.islam3@corp.com,16-01-2024,BD,Gold
C0508,Ibrahim,Smith,ibrahim.smith4@corp.com,2022-11-23,AE,silver
C0509,Mei,Garcia,mei.garcia5@gmail.com,03/25/2023,UK,bronze
C0510,Carlos,Novak,carlos.novak6@outlook.com,03/05/2024,US,gold
C0511,Liam,Islam,liam.islam0@outlook.com,24-06-2023,BD,
C0512,Priya,Silva,priya.silva1@gmail.com,11/24/2024,BD,Gold
C0513,Priya,Rahman,priya.rahman2@corp.com,14-01-2022,CA,silver
C0514,Ibrahim,Ahmed,ibrahim.ahmed3@yahoo.com,2022-11-04,AE,gold
C0515,Elena,Garcia,elena.garcia4@gmail.com,13-09-2024,BD,Gold
C0516,Elena,Khan,elena.khan5@yahoo.com,2022-03-30,BD,silver
C0517,Rakib,Silva,rakib.silva6@yahoo.com,2022-04-25,BD,Gold
C0518,Ava,Silva,ava.silva0@gmail.com,2023-08-04,AE,
C0519,Fatima,Chen,fatima.chen1@corp.com,20-10-2022,BD,Gold
C0520,Omar,Smith,omar.smith2@outlook.com,17-07-2024,BD,
C0521,Tom,Khan,tom.khan3@yahoo.com,06-12-2024,BD,Gold
C0522,Mei,Silva,mei.silva4@gmail.com,24-12-2024,US,
C0523,Ava,Novak,ava.novak5@gmail.com,02-06-2024,US,Gold
C0524,Mei,Lopez,mei.lopez6@outlook.com,2025-03-25,UK,
C0525,,Ahmed,sara.ahmed0@corp.com,2023-06-12,,gold
C0526,Tom,Novak,tom.novak1@gmail.com,08-02-2024,UK,
C0527,Wei,Lopez,wei.lopez2@outlook.com,20-06-2023,UK,Gold
C0528,Yusuf,Chen,yusuf.chen3@corp.com,04-02-2025,UK,Gold
C0529,Omar,Ahmed,omar.ahmed4@outlook.com,26-03-2024,,gold
C0530,Noah,Smith,noah.smith5@gmail.com,16-03-2023,UK,Gold
C0531,Rakib,Smith,rakib.smith6@corp.com,2022-01-11,CA,Gold
C0532,Sara,Ahmed,sara.ahmed0@yahoo.com,2024-01-30,,
C0533,Yusuf,Silva,yusuf.silva1@outlook.com,2022-04-28,CA,gold
C0534,Ibrahim,Ahmed,ibrahim.ahmed2@yahoo.com,10-03-2022,,silver
C0535,Rakib,Garcia,rakib.garcia3@yahoo.com,2022-01-01,UK,
C0536,Yusuf,Lopez,yusuf.lopez4@yahoo.com,2024-11-26,US,gold
C0537,Zoe,Silva,zoe.silva5@outlook.com,12/13/2023,BD,
C0538,Hassan,Khan,hassan.khan6@outlook.com,12/25/2022,AE,gold
C0539,Liam,Islam,liam.islam0@outlook.com,06-01-2025,CA,
C0540,Nina,Garcia,nina.garcia1@corp.com,01-08-2024,CA,gold
C0541,Yusuf,Chen,yusuf.chen2@yahoo.com,10/09/2023,AE,Gold
C0541,Yusuf,Chen,yusuf.chen2@yahoo.com,10/09/2023,AE,gold
C0542,Omar,Chen,omar.chen3@outlook.com,07/10/2022,UK,gold
C0543,Fatima,Rahman,fatima.rahman4@outlook.com,2023-12-26,UK,silver
C0544,Carlos,Rahman,carlos.rahman5@yahoo.com,26-04-2023,UK,silver
C0545,Nina,Silva,nina.silva6@outlook.com,2022-11-16,US,
C0546,Zoe,Khan,zoe.khan0@corp.com,31-01-2024,AE,bronze
C0547,Ibrahim,Ahmed,ibrahim.ahmed1@corp.com,31-03-2023,AE,
C0548,Zoe,Khan,zoe.khan2@outlook.com,17-03-2024,CA,gold
C0549,Noah,Garcia,noah.garcia3@gmail.com,25-01-2022,AE,gold
C0550,Ava,Ahmed,ava.ahmed4@yahoo.com,01/28/2025,CA,Gold
C0551,Fatima,Rahman,fatima.rahman5@corp.com,03/08/2023,UK,bronze
C0552,Omar,Rahman,omar.rahman6@yahoo.com,2025-03-16,,silver
C0553,Omar,Chen,omar.chen0@corp.com,2024-02-20,,silver
C0554,Amina,Smith,amina.smith1@corp.com,2024-10-20,,Gold
C0555,Liam,Rahman,liam.rahman2@outlook.com,29-05-2023,US,
C0556,Fatima,Khan,fatima.khan3@yahoo.com,06/05/2023,US,
C0557,Omar,Garcia,omar.garcia4@outlook.com,21-02-2025,UK,bronze
C0557,Omar,Garcia,omar.garcia4@outlook.com,21-02-2025,UK,bronze
C0558,Tom,Garcia,tom.garcia5@yahoo.com,27-03-2025,AE,silver
C0559,Grace,Garcia,grace.garcia6@outlook.com,11/11/2024,CA,gold
C0560,Grace,Rahman,grace.rahman0@yahoo.com,10-12-2022,UK,
C0561,Hassan,Lopez,hassan.lopez1@gmail.com,2022-06-12,UK,bronze
C0562,Omar,Silva,omar.silva2@corp.com,07/10/2023,UK,Gold
C0563,Noah,Lopez,noah.lopez3@yahoo.com,2023-01-12,BD,bronze
C0564,Sara,Chen,sara.chen4@yahoo.com,2024-03-24,CA,Gold
C0565,Yusuf,Novak,yusuf.novak5@gmail.com,08/01/2022,US,
C0566,Nina,Ahmed,nina.ahmed6@corp.com,2022-09-16,BD,gold
C0566,Nina,Ahmed,nina.ahmed6@corp.com,2022-09-16,BD,gold
C0567,Priya,Garcia,priya.garcia0@corp.com,14-08-2024,AE,
C0568,Zoe,Smith,zoe.smith1@corp.com,03/01/2025,,Gold
C0569,Priya,Rahman,priya.rahman2@yahoo.com,07/03/2022,CA,bronze
C0570,Amina,Khan,amina.khan3@yahoo.com,12/06/2023,US,
C0571,Mei,Ahmed,mei.ahmed4@gmail.com,05/31/2024,US,Gold
C0572,Elena,Novak,elena.novak5@corp.com,2024-03-19,,
C0573,Nina,Ahmed,nina.ahmed6@gmail.com,14-05-2024,AE,bronze
C0574,Zoe,Ahmed,zoe.ahmed0@corp.com,2023-01-21,UK,gold
C0575,Ava,Rahman,ava.rahman1@outlook.com,2024-10-04,BD,gold
C0576,Amina,Smith,amina.smith2@gmail.com,08/01/2023,CA,gold
C0577,Wei,Khan,wei.khan3@corp.com,03/21/2023,CA,bronze
C0578,Rakib,Garcia,rakib.garcia4@gmail.com,2022-10-27,CA,gold
C0579,Fatima,Chen,fatima.chen5@outlook.com,2024-02-21,,silver
C0580,Noah,Chen,noah.chen6@gmail.com,02/12/2023,US,Gold
C0581,Carlos,Rahman,carlos.rahman0@corp.com,10/02/2023,,gold
C0582,Zoe,Novak,zoe.novak1@gmail.com,06/03/2023,BD,bronze
C0583,,Islam,carlos.islam2@yahoo.com,06/08/2024,UK,Gold
C0584,Nina,Khan,nina.khan3@gmail.com,05-04-2025,AE,silver
C0585,Sara,Chen,sara.chen4@yahoo.com,2024-10-20,UK,gold
C0586,Wei,Novak,wei.novak5@gmail.com,09/15/2022,AE,bronze
C0587,Noah,Chen,noah.chen6@gmail.com,02/13/2024,UK,gold
C0588,Noah,Novak,noah.novak0@outlook.com,16-01-2025,AE,silver
C0589,Liam,Rahman,liam.rahman1@outlook.com,2025-02-09,BD,
C0590,Omar,Novak,omar.novak2@outlook.com,2024-07-18,AE,
C0591,Amina,Silva,amina.silva3@outlook.com,05/05/2023,,Gold
C0592,Carlos,Novak,carlos.novak4@corp.com,2025-02-03,UK,
C0593,Tom,Islam,tom.islam5@gmail.com,2022-03-31,US,silver
C0594,Carlos,Islam,carlos.islam6@gmail.com,15-03-2025,,
C0595,Hassan,Ahmed,hassan.ahmed0@gmail.com,2024-01-21,US,gold
C0596,Carlos,Rahman,carlos.rahman1@gmail.com,16-08-2024,AE,
C0597,Rakib,Silva,rakib.silva2@outlook.com,2024-12-19,UK,gold
C0598,Ibrahim,Islam,ibrahim.islam3@gmail.com,19-04-2023,BD,Gold
C0599,Hassan,Smith,hassan.smith4@corp.com,05-08-2022,,
C0600,Elena,Islam,elena.islam5@yahoo.com,05-01-2023,UK,silver
